,datetime,stock_code,exchange_code,product_type,expiry_date,right,strike_price,open,high,low,close,volume,open_interest,count
0,2023-07-07 09:15:00,NIFTY,NFO,Options,27-JUL-23,Put,19500,215.1,215.1,193.45,193.6,97700,1984250,0
1,2023-07-07 09:16:00,NIFTY,NFO,Options,27-JUL-23,Put,19500,193.1,194.6,190,194.6,55300,1984250,1
2,2023-07-07 09:17:00,NIFTY,NFO,Options,27-JUL-23,Put,19500,195.2,196.35,193.3,194.05,54000,1982650,2
3,2023-07-07 09:18:00,NIFTY,NFO,Options,27-JUL-23,Put,19500,194,195.8,193.7,195.5,33450,1982650,3
4,2023-07-07 09:19:00,NIFTY,NFO,Options,27-JUL-23,Put,19500,194.7,194.7,191.95,193.3,17400,1982650,4
5,2023-07-07 09:20:00,NIFTY,NFO,Options,27-JUL-23,Put,19500,193.2,195,192.5,192.7,29050,2000600,5
6,2023-07-07 09:21:00,NIFTY,NFO,Options,27-JUL-23,Put,19500,193.5,193.5,187.2,187.2,29650,2000600,6
7,2023-07-07 09:22:00,NIFTY,NFO,Options,27-JUL-23,Put,19500,189.4,189.4,187,187.1,26800,2000600,7
8,2023-07-07 09:23:00,NIFTY,NFO,Options,27-JUL-23,Put,19500,186.85,186.85,183.95,185.3,31850,2010650,8
9,2023-07-07 09:24:00,NIFTY,NFO,Options,27-JUL-23,Put,19500,185,186.6,184.45,184.8,29900,2010650,9
10,2023-07-07 09:25:00,NIFTY,NFO,Options,27-JUL-23,Put,19500,184.8,185,182.5,182.65,30400,2010650,10
11,2023-07-07 09:26:00,NIFTY,NFO,Options,27-JUL-23,Put,19500,182.15,183.25,181.65,181.65,18400,2023950,11
12,2023-07-07 09:27:00,NIFTY,NFO,Options,27-JUL-23,Put,19500,182.5,184.7,181.6,183.75,19950,2023950,12
13,2023-07-07 09:28:00,NIFTY,NFO,Options,27-JUL-23,Put,19500,183.5,183.65,180.65,180.65,32850,2023950,13
14,2023-07-07 09:29:00,NIFTY,NFO,Options,27-JUL-23,Put,19500,180.4,181.45,177.65,178.55,38000,2053050,14
15,2023-07-07 09:30:00,NIFTY,NFO,Options,27-JUL-23,Put,19500,177.9,180.15,177.9,178.1,32650,2053050,15
16,2023-07-07 09:31:00,NIFTY,NFO,Options,27-JUL-23,Put,19500,178.7,179.85,177.75,178.4,40250,2053050,16
17,2023-07-07 09:32:00,NIFTY,NFO,Options,27-JUL-23,Put,19500,178.6,180.45,178.2,178.55,20350,2082450,17
18,2023-07-07 09:33:00,NIFTY,NFO,Options,27-JUL-23,Put,19500,178.35,178.35,174.5,174.85,33100,2082450,18
19,2023-07-07 09:34:00,NIFTY,NFO,Options,27-JUL-23,Put,19500,174.35,176.85,174.35,176.4,21200,2082450,19
20,2023-07-07 09:35:00,NIFTY,NFO,Options,27-JUL-23,Put,19500,176.4,176.45,174.6,176.45,13300,2104550,20
21,2023-07-07 09:36:00,NIFTY,NFO,Options,27-JUL-23,Put,19500,176.4,178.55,176,178.4,19900,2104550,21
22,2023-07-07 09:37:00,NIFTY,NFO,Options,27-JUL-23,Put,19500,178.75,179,176.5,178,30050,2104550,22
23,2023-07-07 09:38:00,NIFTY,NFO,Options,27-JUL-23,Put,19500,177.65,179.05,176.95,177,16050,2123650,23
24,2023-07-07 09:39:00,NIFTY,NFO,Options,27-JUL-23,Put,19500,177.1,177.55,175.4,176.35,8600,2123650,24
25,2023-07-07 09:40:00,NIFTY,NFO,Options,27-JUL-23,Put,19500,176.1,176.55,173.4,174.1,19150,2123650,25
26,2023-07-07 09:41:00,NIFTY,NFO,Options,27-JUL-23,Put,19500,173.7,175.6,173.6,175,19400,2127400,26
27,2023-07-07 09:42:00,NIFTY,NFO,Options,27-JUL-23,Put,19500,175,175.3,174.05,175.15,12650,2127400,27
28,2023-07-07 09:43:00,NIFTY,NFO,Options,27-JUL-23,Put,19500,175,177.65,175,177.65,14300,2127400,28
29,2023-07-07 09:44:00,NIFTY,NFO,Options,27-JUL-23,Put,19500,177.1,178.75,177.1,178,13500,2136650,29
30,2023-07-07 09:45:00,NIFTY,NFO,Options,27-JUL-23,Put,19500,178.3,179.3,178,179.05,6800,2136650,30
31,2023-07-07 09:46:00,NIFTY,NFO,Options,27-JUL-23,Put,19500,179.35,180.65,178.7,178.7,20100,2136650,31
32,2023-07-07 09:47:00,NIFTY,NFO,Options,27-JUL-23,Put,19500,178.4,180.7,177.8,180.25,15350,2140700,32
33,2023-07-07 09:48:00,NIFTY,NFO,Options,27-JUL-23,Put,19500,180.8,180.8,178.05,179.35,22150,2140700,33
34,2023-07-07 09:49:00,NIFTY,NFO,Options,27-JUL-23,Put,19500,179.2,180.15,178.45,180.15,9000,2140700,34
35,2023-07-07 09:50:00,NIFTY,NFO,Options,27-JUL-23,Put,19500,180.55,180.7,178.5,179.95,9050,2145650,35
36,2023-07-07 09:51:00,NIFTY,NFO,Options,27-JUL-23,Put,19500,179.5,180,176.45,177.15,14200,2145650,36
37,2023-07-07 09:52:00,NIFTY,NFO,Options,27-JUL-23,Put,19500,177.15,177.65,175.8,176.55,8850,2145650,37
38,2023-07-07 09:53:00,NIFTY,NFO,Options,27-JUL-23,Put,19500,176.35,176.35,172.75,173.2,21750,2152150,38
39,2023-07-07 09:54:00,NIFTY,NFO,Options,27-JUL-23,Put,19500,173.05,173.4,171.05,172.4,32500,2152150,39
40,2023-07-07 09:55:00,NIFTY,NFO,Options,27-JUL-23,Put,19500,172.05,172.2,170.1,170.85,33500,2152150,40
41,2023-07-07 09:56:00,NIFTY,NFO,Options,27-JUL-23,Put,19500,171.5,171.95,170.55,171.65,17050,2156150,41
42,2023-07-07 09:57:00,NIFTY,NFO,Options,27-JUL-23,Put,19500,172,172.5,170.4,170.7,21900,2156150,42
43,2023-07-07 09:58:00,NIFTY,NFO,Options,27-JUL-23,Put,19500,170,170,168.5,169.35,35350,2156150,43
44,2023-07-07 09:59:00,NIFTY,NFO,Options,27-JUL-23,Put,19500,169.5,170,167,167.1,41300,2167600,44
45,2023-07-07 10:00:00,NIFTY,NFO,Options,27-JUL-23,Put,19500,167.2,169.3,165.25,169,34000,2167600,45
46,2023-07-07 10:01:00,NIFTY,NFO,Options,27-JUL-23,Put,19500,168.5,169.35,167.5,168.85,27000,2167600,46
47,2023-07-07 10:02:00,NIFTY,NFO,Options,27-JUL-23,Put,19500,169.6,170.25,168.95,169.45,36450,2183850,47
48,2023-07-07 10:03:00,NIFTY,NFO,Options,27-JUL-23,Put,19500,169.55,170.5,168.95,170.4,20750,2183850,48
49,2023-07-07 10:04:00,NIFTY,NFO,Options,27-JUL-23,Put,19500,170.4,171.75,170,171.5,23550,2183850,49
50,2023-07-07 10:05:00,NIFTY,NFO,Options,27-JUL-23,Put,19500,171.3,172,169.75,172,71250,2186750,50
51,2023-07-07 10:06:00,NIFTY,NFO,Options,27-JUL-23,Put,19500,171.7,172.2,170,170.5,25050,2186750,51
52,2023-07-07 10:07:00,NIFTY,NFO,Options,27-JUL-23,Put,19500,170.3,171.7,169.95,170.45,25200,2186750,52
53,2023-07-07 10:08:00,NIFTY,NFO,Options,27-JUL-23,Put,19500,170.5,170.65,169.45,170.15,22450,2197800,53
54,2023-07-07 10:09:00,NIFTY,NFO,Options,27-JUL-23,Put,19500,170.75,170.8,169.7,170,10550,2197800,54
55,2023-07-07 10:10:00,NIFTY,NFO,Options,27-JUL-23,Put,19500,170.3,171.45,169.5,171.45,20350,2197800,55
56,2023-07-07 10:11:00,NIFTY,NFO,Options,27-JUL-23,Put,19500,171.55,175.65,171.55,175.4,43500,2203400,56
57,2023-07-07 10:12:00,NIFTY,NFO,Options,27-JUL-23,Put,19500,175.8,178.55,175.8,177.3,24900,2203400,57
58,2023-07-07 10:13:00,NIFTY,NFO,Options,27-JUL-23,Put,19500,176.75,177.9,175.35,177.2,27200,2203400,58
59,2023-07-07 10:14:00,NIFTY,NFO,Options,27-JUL-23,Put,19500,178.15,178.4,174.65,174.65,21500,2197550,59
60,2023-07-07 10:15:00,NIFTY,NFO,Options,27-JUL-23,Put,19500,174.5,177.4,174.5,177.4,30100,2197550,60
61,2023-07-07 10:16:00,NIFTY,NFO,Options,27-JUL-23,Put,19500,178,178.55,177,178.1,19300,2197550,61
62,2023-07-07 10:17:00,NIFTY,NFO,Options,27-JUL-23,Put,19500,177.6,178.6,176.15,178.6,19650,2205900,62
63,2023-07-07 10:18:00,NIFTY,NFO,Options,27-JUL-23,Put,19500,178.6,178.6,177.95,178.1,8450,2205900,63
64,2023-07-07 10:19:00,NIFTY,NFO,Options,27-JUL-23,Put,19500,178.5,181,177.9,180.8,22500,2205900,64
65,2023-07-07 10:20:00,NIFTY,NFO,Options,27-JUL-23,Put,19500,180.85,180.85,176.55,177.25,23700,2197050,65
66,2023-07-07 10:21:00,NIFTY,NFO,Options,27-JUL-23,Put,19500,176.95,178.3,176.3,177.75,16300,2197050,66
67,2023-07-07 10:22:00,NIFTY,NFO,Options,27-JUL-23,Put,19500,178.35,180,178,179,14700,2197050,67
68,2023-07-07 10:23:00,NIFTY,NFO,Options,27-JUL-23,Put,19500,179,182.85,179,182.85,15250,2195400,68
69,2023-07-07 10:24:00,NIFTY,NFO,Options,27-JUL-23,Put,19500,182.8,184.2,181,181.6,26100,2195400,69
70,2023-07-07 10:25:00,NIFTY,NFO,Options,27-JUL-23,Put,19500,181.65,182,180.5,182,8250,2195400,70
71,2023-07-07 10:26:00,NIFTY,NFO,Options,27-JUL-23,Put,19500,182.2,183.5,182.2,182.45,13850,2191750,71
72,2023-07-07 10:27:00,NIFTY,NFO,Options,27-JUL-23,Put,19500,182.95,184.55,182.95,184.25,18350,2191750,72
73,2023-07-07 10:28:00,NIFTY,NFO,Options,27-JUL-23,Put,19500,184.35,184.35,182.8,184.2,15750,2191750,73
74,2023-07-07 10:29:00,NIFTY,NFO,Options,27-JUL-23,Put,19500,186,186,184.65,185.6,20200,2187850,74
75,2023-07-07 10:30:00,NIFTY,NFO,Options,27-JUL-23,Put,19500,185.35,186.85,184.15,186.3,37700,2187850,75
76,2023-07-07 10:31:00,NIFTY,NFO,Options,27-JUL-23,Put,19500,187.05,187.45,185.15,186.85,24900,2187850,76
77,2023-07-07 10:32:00,NIFTY,NFO,Options,27-JUL-23,Put,19500,187.3,187.7,185.85,187.5,17300,2168650,77
78,2023-07-07 10:33:00,NIFTY,NFO,Options,27-JUL-23,Put,19500,187.05,188,186.4,186.65,26850,2168650,78
79,2023-07-07 10:34:00,NIFTY,NFO,Options,27-JUL-23,Put,19500,186.4,186.4,183.3,183.7,16350,2168650,79
80,2023-07-07 10:35:00,NIFTY,NFO,Options,27-JUL-23,Put,19500,183.7,183.7,180.65,182.6,16250,2154850,80
81,2023-07-07 10:36:00,NIFTY,NFO,Options,27-JUL-23,Put,19500,182.4,187,182.4,187,10100,2154850,81
82,2023-07-07 10:37:00,NIFTY,NFO,Options,27-JUL-23,Put,19500,187.05,187.75,186.45,187.75,15850,2154850,82
83,2023-07-07 10:38:00,NIFTY,NFO,Options,27-JUL-23,Put,19500,187.4,187.4,185,185.5,17750,2154500,83
84,2023-07-07 10:39:00,NIFTY,NFO,Options,27-JUL-23,Put,19500,186.15,186.35,184.5,186.3,12200,2154500,84
85,2023-07-07 10:40:00,NIFTY,NFO,Options,27-JUL-23,Put,19500,186.2,188.85,186.1,188.25,19750,2154500,85
86,2023-07-07 10:41:00,NIFTY,NFO,Options,27-JUL-23,Put,19500,188.4,192.45,188.4,191.75,52550,2148000,86
87,2023-07-07 10:42:00,NIFTY,NFO,Options,27-JUL-23,Put,19500,192.15,192.15,190.4,191.7,23150,2148000,87
88,2023-07-07 10:43:00,NIFTY,NFO,Options,27-JUL-23,Put,19500,192,192,190.45,191.35,25900,2148000,88
89,2023-07-07 10:44:00,NIFTY,NFO,Options,27-JUL-23,Put,19500,191.35,193.7,191.35,193.65,29450,2131000,89
90,2023-07-07 10:45:00,NIFTY,NFO,Options,27-JUL-23,Put,19500,193.9,196,193.9,195.6,42350,2131000,90
91,2023-07-07 10:46:00,NIFTY,NFO,Options,27-JUL-23,Put,19500,196.05,200.85,196.05,200.85,66300,2131000,91
92,2023-07-07 10:47:00,NIFTY,NFO,Options,27-JUL-23,Put,19500,200.45,204.95,200.45,203.25,59550,2108250,92
93,2023-07-07 10:48:00,NIFTY,NFO,Options,27-JUL-23,Put,19500,202.85,207.8,201.05,207.8,57500,2108250,93
94,2023-07-07 10:49:00,NIFTY,NFO,Options,27-JUL-23,Put,19500,208.55,209.35,206.4,206.4,39200,2108250,94
95,2023-07-07 10:50:00,NIFTY,NFO,Options,27-JUL-23,Put,19500,205.6,205.6,199.9,202.45,39550,2101700,95
96,2023-07-07 10:51:00,NIFTY,NFO,Options,27-JUL-23,Put,19500,202.45,204.5,199.1,201.85,24300,2101700,96
97,2023-07-07 10:52:00,NIFTY,NFO,Options,27-JUL-23,Put,19500,202.05,208.8,200.9,208.8,33900,2101700,97
98,2023-07-07 10:53:00,NIFTY,NFO,Options,27-JUL-23,Put,19500,208.85,213.6,208.05,211,68950,2079400,98
99,2023-07-07 10:54:00,NIFTY,NFO,Options,27-JUL-23,Put,19500,212.65,213.45,211.1,212.9,27500,2079400,99
100,2023-07-07 10:55:00,NIFTY,NFO,Options,27-JUL-23,Put,19500,213.05,213.05,206.65,210.95,39400,2079400,100
101,2023-07-07 10:56:00,NIFTY,NFO,Options,27-JUL-23,Put,19500,211.55,213.85,209.25,209.25,31800,2056600,101
102,2023-07-07 10:57:00,NIFTY,NFO,Options,27-JUL-23,Put,19500,208.95,209.75,204.95,207.55,20750,2056600,102
103,2023-07-07 10:58:00,NIFTY,NFO,Options,27-JUL-23,Put,19500,207.7,209.9,206,206,24250,2056600,103
104,2023-07-07 10:59:00,NIFTY,NFO,Options,27-JUL-23,Put,19500,206,206.35,203.6,204.6,17000,2048200,104
105,2023-07-07 11:00:00,NIFTY,NFO,Options,27-JUL-23,Put,19500,205.5,210,203.8,208.55,22600,2048200,105
106,2023-07-07 11:01:00,NIFTY,NFO,Options,27-JUL-23,Put,19500,208.3,209.8,206.45,208.55,15650,2048200,106
107,2023-07-07 11:02:00,NIFTY,NFO,Options,27-JUL-23,Put,19500,209,209.65,207.5,208.1,5200,2038750,107
108,2023-07-07 11:03:00,NIFTY,NFO,Options,27-JUL-23,Put,19500,209,209,207,208.55,3800,2038750,108
109,2023-07-07 11:04:00,NIFTY,NFO,Options,27-JUL-23,Put,19500,208.1,210.8,208.1,209.4,17750,2038750,109
110,2023-07-07 11:05:00,NIFTY,NFO,Options,27-JUL-23,Put,19500,210.3,210.3,206.75,208.5,8850,2034000,110
111,2023-07-07 11:06:00,NIFTY,NFO,Options,27-JUL-23,Put,19500,208.05,208.05,203.35,204,8300,2034000,111
112,2023-07-07 11:07:00,NIFTY,NFO,Options,27-JUL-23,Put,19500,203.65,203.65,198,199.25,28000,2034000,112
113,2023-07-07 11:08:00,NIFTY,NFO,Options,27-JUL-23,Put,19500,199.35,201.75,199,199.9,8900,2034450,113
114,2023-07-07 11:09:00,NIFTY,NFO,Options,27-JUL-23,Put,19500,199,201,198.4,201,59850,2034450,114
115,2023-07-07 11:10:00,NIFTY,NFO,Options,27-JUL-23,Put,19500,200.8,201.5,199.4,200.9,10350,2034450,115
116,2023-07-07 11:11:00,NIFTY,NFO,Options,27-JUL-23,Put,19500,201.5,201.5,199,199.8,8750,2070350,116
117,2023-07-07 11:12:00,NIFTY,NFO,Options,27-JUL-23,Put,19500,201,204.15,201,203.85,11850,2070350,117
118,2023-07-07 11:13:00,NIFTY,NFO,Options,27-JUL-23,Put,19500,203.55,203.65,200,202,6650,2070350,118
119,2023-07-07 11:14:00,NIFTY,NFO,Options,27-JUL-23,Put,19500,201.1,201.1,199,200.5,4650,2068500,119
120,2023-07-07 11:15:00,NIFTY,NFO,Options,27-JUL-23,Put,19500,200,200,195.9,197.55,11950,2068500,120
121,2023-07-07 11:16:00,NIFTY,NFO,Options,27-JUL-23,Put,19500,197.7,197.7,194,194.95,19450,2068500,121
122,2023-07-07 11:17:00,NIFTY,NFO,Options,27-JUL-23,Put,19500,195.05,195.75,194.2,195,9150,2066800,122
123,2023-07-07 11:18:00,NIFTY,NFO,Options,27-JUL-23,Put,19500,194.45,197.7,194.45,197.4,15700,2066800,123
124,2023-07-07 11:19:00,NIFTY,NFO,Options,27-JUL-23,Put,19500,197.35,198.7,196.95,196.95,28200,2066800,124
125,2023-07-07 11:20:00,NIFTY,NFO,Options,27-JUL-23,Put,19500,197.4,198.5,197.25,198.5,6850,2039400,125
126,2023-07-07 11:21:00,NIFTY,NFO,Options,27-JUL-23,Put,19500,198.7,198.75,196.35,197.8,5650,2039400,126
127,2023-07-07 11:22:00,NIFTY,NFO,Options,27-JUL-23,Put,19500,197.8,202.4,197.8,201.85,16050,2039400,127
128,2023-07-07 11:23:00,NIFTY,NFO,Options,27-JUL-23,Put,19500,202.15,205.5,202.15,204.45,15700,2037100,128
129,2023-07-07 11:24:00,NIFTY,NFO,Options,27-JUL-23,Put,19500,205,208.6,205,208.6,17000,2037100,129
130,2023-07-07 11:25:00,NIFTY,NFO,Options,27-JUL-23,Put,19500,208.7,214.65,208.6,214.55,32550,2037100,130
131,2023-07-07 11:26:00,NIFTY,NFO,Options,27-JUL-23,Put,19500,215.4,216.85,212.2,216.15,28550,2037100,131
132,2023-07-07 11:27:00,NIFTY,NFO,Options,27-JUL-23,Put,19500,215.95,218.25,214.95,218,30600,2037100,132
133,2023-07-07 11:28:00,NIFTY,NFO,Options,27-JUL-23,Put,19500,218.3,218.7,214,216.55,20850,2037100,133
134,2023-07-07 11:29:00,NIFTY,NFO,Options,27-JUL-23,Put,19500,215.25,217.2,214.05,214.95,14950,2030400,134
135,2023-07-07 11:30:00,NIFTY,NFO,Options,27-JUL-23,Put,19500,215.5,216.1,212.25,213.35,27600,2030400,135
136,2023-07-07 11:31:00,NIFTY,NFO,Options,27-JUL-23,Put,19500,213.65,215,212,214.5,16250,2030400,136
137,2023-07-07 11:32:00,NIFTY,NFO,Options,27-JUL-23,Put,19500,215.35,216,213.8,214.9,12100,2023550,137
138,2023-07-07 11:33:00,NIFTY,NFO,Options,27-JUL-23,Put,19500,214.05,214.3,212.5,213.7,5750,2023550,138
139,2023-07-07 11:34:00,NIFTY,NFO,Options,27-JUL-23,Put,19500,213.1,215,212.05,214.05,6200,2023550,139
140,2023-07-07 11:35:00,NIFTY,NFO,Options,27-JUL-23,Put,19500,215,218.5,214.45,215,17750,2029600,140
141,2023-07-07 11:36:00,NIFTY,NFO,Options,27-JUL-23,Put,19500,214.25,214.3,210,210.75,22100,2029600,141
142,2023-07-07 11:37:00,NIFTY,NFO,Options,27-JUL-23,Put,19500,210.35,213.7,209.65,213.55,7100,2029600,142
143,2023-07-07 11:38:00,NIFTY,NFO,Options,27-JUL-23,Put,19500,213.3,217.35,213,217.15,19200,2031250,143
144,2023-07-07 11:39:00,NIFTY,NFO,Options,27-JUL-23,Put,19500,217.5,220.4,217.5,219.85,40000,2031250,144
145,2023-07-07 11:40:00,NIFTY,NFO,Options,27-JUL-23,Put,19500,218.6,221.75,217.75,220.25,21700,2031250,145
146,2023-07-07 11:41:00,NIFTY,NFO,Options,27-JUL-23,Put,19500,220.05,221,218.15,220.5,13350,2014450,146
147,2023-07-07 11:42:00,NIFTY,NFO,Options,27-JUL-23,Put,19500,220,222.35,219,221.65,18450,2014450,147
148,2023-07-07 11:43:00,NIFTY,NFO,Options,27-JUL-23,Put,19500,221.85,221.85,216,218.35,16600,2014450,148
149,2023-07-07 11:44:00,NIFTY,NFO,Options,27-JUL-23,Put,19500,216.9,217.5,215.2,216.55,12500,2012300,149
150,2023-07-07 11:45:00,NIFTY,NFO,Options,27-JUL-23,Put,19500,217,218.6,216.25,218.6,5200,2012300,150
151,2023-07-07 11:46:00,NIFTY,NFO,Options,27-JUL-23,Put,19500,217.75,220.35,216.8,220.35,8150,2012300,151
152,2023-07-07 11:47:00,NIFTY,NFO,Options,27-JUL-23,Put,19500,220.65,222,218.45,219.1,19800,2009200,152
153,2023-07-07 11:48:00,NIFTY,NFO,Options,27-JUL-23,Put,19500,218.95,220,216.75,216.75,15750,2009200,153
154,2023-07-07 11:49:00,NIFTY,NFO,Options,27-JUL-23,Put,19500,216.05,216.85,214.85,216.2,10500,2009200,154
155,2023-07-07 11:50:00,NIFTY,NFO,Options,27-JUL-23,Put,19500,216.05,217.2,213.2,214.45,10600,2009950,155
156,2023-07-07 11:51:00,NIFTY,NFO,Options,27-JUL-23,Put,19500,214.8,215.5,211.55,214.3,10800,2009950,156
157,2023-07-07 11:52:00,NIFTY,NFO,Options,27-JUL-23,Put,19500,215.5,217.25,214.3,217.25,14200,2009950,157
158,2023-07-07 11:53:00,NIFTY,NFO,Options,27-JUL-23,Put,19500,217.7,217.7,214.15,214.15,6450,2003750,158
159,2023-07-07 11:54:00,NIFTY,NFO,Options,27-JUL-23,Put,19500,213.4,214.25,212.65,212.95,6750,2003750,159
160,2023-07-07 11:55:00,NIFTY,NFO,Options,27-JUL-23,Put,19500,213.4,214.5,210.95,211.1,9350,2003750,160
161,2023-07-07 11:56:00,NIFTY,NFO,Options,27-JUL-23,Put,19500,211.1,214.5,210.3,214.15,9850,2005200,161
162,2023-07-07 11:57:00,NIFTY,NFO,Options,27-JUL-23,Put,19500,213.75,215.3,213.55,213.55,6100,2005200,162
163,2023-07-07 11:58:00,NIFTY,NFO,Options,27-JUL-23,Put,19500,214.6,215.6,214.3,215.4,14800,2005200,163
164,2023-07-07 11:59:00,NIFTY,NFO,Options,27-JUL-23,Put,19500,215.9,220,215.35,220,4950,1998500,164
165,2023-07-07 12:00:00,NIFTY,NFO,Options,27-JUL-23,Put,19500,219.65,228.35,219.65,227.9,56200,1998500,165
166,2023-07-07 12:01:00,NIFTY,NFO,Options,27-JUL-23,Put,19500,226,227.45,223,227,17100,1998500,166
167,2023-07-07 12:02:00,NIFTY,NFO,Options,27-JUL-23,Put,19500,226.25,228.55,225.75,228,23200,1979600,167
168,2023-07-07 12:03:00,NIFTY,NFO,Options,27-JUL-23,Put,19500,227.3,228.25,226.55,226.55,8550,1979600,168
169,2023-07-07 12:04:00,NIFTY,NFO,Options,27-JUL-23,Put,19500,226.8,230,226.75,230,59300,1979600,169
170,2023-07-07 12:05:00,NIFTY,NFO,Options,27-JUL-23,Put,19500,231,231.45,224.05,224.05,16350,1974900,170
171,2023-07-07 12:06:00,NIFTY,NFO,Options,27-JUL-23,Put,19500,223.55,225.1,223.55,224.05,29450,1974900,171
172,2023-07-07 12:07:00,NIFTY,NFO,Options,27-JUL-23,Put,19500,224.25,224.25,222,222.45,13200,1974900,172
173,2023-07-07 12:08:00,NIFTY,NFO,Options,27-JUL-23,Put,19500,222.9,223.6,220.3,223.5,14100,1984100,173
174,2023-07-07 12:09:00,NIFTY,NFO,Options,27-JUL-23,Put,19500,224.1,225.65,223.2,224.75,16300,1984100,174
175,2023-07-07 12:10:00,NIFTY,NFO,Options,27-JUL-23,Put,19500,224.5,224.5,220.95,224.4,26100,1984100,175
176,2023-07-07 12:11:00,NIFTY,NFO,Options,27-JUL-23,Put,19500,224.1,224.6,221.45,221.6,7150,1988050,176
177,2023-07-07 12:12:00,NIFTY,NFO,Options,27-JUL-23,Put,19500,221.4,223.95,221.05,221.6,24350,1988050,177
178,2023-07-07 12:13:00,NIFTY,NFO,Options,27-JUL-23,Put,19500,221.15,224.05,221.15,223.35,2900,1988050,178
179,2023-07-07 12:14:00,NIFTY,NFO,Options,27-JUL-23,Put,19500,223.9,223.9,218.7,219,11750,1999700,179
180,2023-07-07 12:15:00,NIFTY,NFO,Options,27-JUL-23,Put,19500,219.5,219.5,214.05,214.75,20300,1999700,180
181,2023-07-07 12:16:00,NIFTY,NFO,Options,27-JUL-23,Put,19500,215.7,218.5,215.7,218.45,5600,1999700,181
182,2023-07-07 12:17:00,NIFTY,NFO,Options,27-JUL-23,Put,19500,218,218.5,217,217.45,5300,2008700,182
183,2023-07-07 12:18:00,NIFTY,NFO,Options,27-JUL-23,Put,19500,217.3,219.1,215.4,215.4,7700,2008700,183
184,2023-07-07 12:19:00,NIFTY,NFO,Options,27-JUL-23,Put,19500,216.2,218.65,216.1,216.1,2500,2008700,184
185,2023-07-07 12:20:00,NIFTY,NFO,Options,27-JUL-23,Put,19500,217.45,221.7,217.45,221.7,14850,2001150,185
186,2023-07-07 12:21:00,NIFTY,NFO,Options,27-JUL-23,Put,19500,220.9,222.5,218.3,219,8450,2001150,186
187,2023-07-07 12:22:00,NIFTY,NFO,Options,27-JUL-23,Put,19500,219,222,218.9,221.05,5950,2001150,187
188,2023-07-07 12:23:00,NIFTY,NFO,Options,27-JUL-23,Put,19500,221.35,223.55,220.55,223.2,7400,2007900,188
189,2023-07-07 12:24:00,NIFTY,NFO,Options,27-JUL-23,Put,19500,223.65,223.65,220.5,222.1,5700,2007900,189
190,2023-07-07 12:25:00,NIFTY,NFO,Options,27-JUL-23,Put,19500,222.1,222.1,220.5,221.45,3050,2007900,190
191,2023-07-07 12:26:00,NIFTY,NFO,Options,27-JUL-23,Put,19500,222.1,224.05,222.1,224,3650,2010100,191
192,2023-07-07 12:27:00,NIFTY,NFO,Options,27-JUL-23,Put,19500,224,224,222.4,223,7450,2010100,192
193,2023-07-07 12:28:00,NIFTY,NFO,Options,27-JUL-23,Put,19500,222.8,225.3,222.8,223.35,13150,2010100,193
194,2023-07-07 12:29:00,NIFTY,NFO,Options,27-JUL-23,Put,19500,223.65,226,223.65,225.95,12600,2011900,194
195,2023-07-07 12:30:00,NIFTY,NFO,Options,27-JUL-23,Put,19500,225.9,226.85,224.3,226.7,21950,2011900,195
196,2023-07-07 12:31:00,NIFTY,NFO,Options,27-JUL-23,Put,19500,226.5,228.1,226.5,227.2,8950,2011900,196
197,2023-07-07 12:32:00,NIFTY,NFO,Options,27-JUL-23,Put,19500,226.55,227.15,223.75,223.75,10800,2005500,197
198,2023-07-07 12:33:00,NIFTY,NFO,Options,27-JUL-23,Put,19500,223.55,225.9,223.05,225.9,9550,2005500,198
199,2023-07-07 12:34:00,NIFTY,NFO,Options,27-JUL-23,Put,19500,226.5,229.1,225.8,229.1,6750,2005500,199
200,2023-07-07 12:35:00,NIFTY,NFO,Options,27-JUL-23,Put,19500,230.45,230.65,229,229.7,11400,2009950,200
201,2023-07-07 12:36:00,NIFTY,NFO,Options,27-JUL-23,Put,19500,230,230,228.25,228.4,11550,2009950,201
202,2023-07-07 12:37:00,NIFTY,NFO,Options,27-JUL-23,Put,19500,228.05,229.05,227.7,228.3,12250,2009950,202
203,2023-07-07 12:38:00,NIFTY,NFO,Options,27-JUL-23,Put,19500,228.45,228.9,225.25,226,8200,2008250,203
204,2023-07-07 12:39:00,NIFTY,NFO,Options,27-JUL-23,Put,19500,225.9,228,224.7,227.6,7850,2008250,204
205,2023-07-07 12:40:00,NIFTY,NFO,Options,27-JUL-23,Put,19500,227.8,231.2,227.8,231.2,15250,2008250,205
206,2023-07-07 12:41:00,NIFTY,NFO,Options,27-JUL-23,Put,19500,231.45,231.45,229.9,230.7,10600,1996950,206
207,2023-07-07 12:42:00,NIFTY,NFO,Options,27-JUL-23,Put,19500,230.75,234.35,230.75,232.65,13850,1996950,207
208,2023-07-07 12:43:00,NIFTY,NFO,Options,27-JUL-23,Put,19500,232.3,233.2,229.25,229.25,15600,1996950,208
209,2023-07-07 12:44:00,NIFTY,NFO,Options,27-JUL-23,Put,19500,228.9,230,227.55,227.55,7300,1992100,209
210,2023-07-07 12:45:00,NIFTY,NFO,Options,27-JUL-23,Put,19500,226.45,227.5,224.5,224.5,8900,1992100,210
211,2023-07-07 12:46:00,NIFTY,NFO,Options,27-JUL-23,Put,19500,224,224.75,220.05,220.05,15650,1992100,211
212,2023-07-07 12:47:00,NIFTY,NFO,Options,27-JUL-23,Put,19500,219.75,221.55,219.3,220.85,6050,1985400,212
213,2023-07-07 12:48:00,NIFTY,NFO,Options,27-JUL-23,Put,19500,220,220.25,217.15,219.05,13450,1985400,213
214,2023-07-07 12:49:00,NIFTY,NFO,Options,27-JUL-23,Put,19500,219,223.1,218.1,222.45,19200,1985400,214
215,2023-07-07 12:50:00,NIFTY,NFO,Options,27-JUL-23,Put,19500,222,225.1,221.75,224,7800,1970500,215
216,2023-07-07 12:51:00,NIFTY,NFO,Options,27-JUL-23,Put,19500,223.35,224.95,221.1,221.1,8750,1970500,216
217,2023-07-07 12:52:00,NIFTY,NFO,Options,27-JUL-23,Put,19500,222.2,225.3,222.2,225.3,3750,1970500,217
218,2023-07-07 12:53:00,NIFTY,NFO,Options,27-JUL-23,Put,19500,224.9,224.9,223.15,224,6650,1966000,218
219,2023-07-07 12:54:00,NIFTY,NFO,Options,27-JUL-23,Put,19500,224.3,225.45,224.2,224.2,2600,1966000,219
220,2023-07-07 12:55:00,NIFTY,NFO,Options,27-JUL-23,Put,19500,224.45,225.75,221.75,221.75,7800,1966000,220
221,2023-07-07 12:56:00,NIFTY,NFO,Options,27-JUL-23,Put,19500,223.55,223.85,221.35,221.35,4450,1960550,221
222,2023-07-07 12:57:00,NIFTY,NFO,Options,27-JUL-23,Put,19500,222,224.25,222,224.25,3650,1960550,222
223,2023-07-07 12:58:00,NIFTY,NFO,Options,27-JUL-23,Put,19500,222.95,224.3,221.9,222.2,2250,1960550,223
224,2023-07-07 12:59:00,NIFTY,NFO,Options,27-JUL-23,Put,19500,222.95,223.8,221.7,223,5950,1954800,224
225,2023-07-07 13:00:00,NIFTY,NFO,Options,27-JUL-23,Put,19500,223.6,224,222.55,222.55,3850,1954800,225
226,2023-07-07 13:01:00,NIFTY,NFO,Options,27-JUL-23,Put,19500,222,222,218.8,218.8,4050,1954800,226
227,2023-07-07 13:02:00,NIFTY,NFO,Options,27-JUL-23,Put,19500,219.3,220.95,218.5,219.5,6300,1955500,227
228,2023-07-07 13:03:00,NIFTY,NFO,Options,27-JUL-23,Put,19500,220.15,220.15,218.5,218.5,11100,1955500,228
229,2023-07-07 13:04:00,NIFTY,NFO,Options,27-JUL-23,Put,19500,218.5,220.65,218.3,220.65,7950,1955500,229
230,2023-07-07 13:05:00,NIFTY,NFO,Options,27-JUL-23,Put,19500,221.4,223,221,223,6050,1946550,230
231,2023-07-07 13:06:00,NIFTY,NFO,Options,27-JUL-23,Put,19500,223.25,226.45,223.1,225.5,8350,1946550,231
232,2023-07-07 13:07:00,NIFTY,NFO,Options,27-JUL-23,Put,19500,226,227.4,224.8,224.8,4800,1946550,232
233,2023-07-07 13:08:00,NIFTY,NFO,Options,27-JUL-23,Put,19500,225,227.95,225,227.35,4200,1943700,233
234,2023-07-07 13:09:00,NIFTY,NFO,Options,27-JUL-23,Put,19500,227.7,227.95,225.05,225.05,4250,1943700,234
235,2023-07-07 13:10:00,NIFTY,NFO,Options,27-JUL-23,Put,19500,226.45,227.45,226.1,227.35,3800,1943700,235
236,2023-07-07 13:11:00,NIFTY,NFO,Options,27-JUL-23,Put,19500,226.7,229.6,226.7,229.35,7850,1940400,236
237,2023-07-07 13:12:00,NIFTY,NFO,Options,27-JUL-23,Put,19500,229.75,230.4,228,228,5600,1940400,237
238,2023-07-07 13:13:00,NIFTY,NFO,Options,27-JUL-23,Put,19500,228.2,228.2,227.15,228,2600,1940400,238
239,2023-07-07 13:14:00,NIFTY,NFO,Options,27-JUL-23,Put,19500,228.45,231.5,228.45,231.5,5500,1936750,239
240,2023-07-07 13:15:00,NIFTY,NFO,Options,27-JUL-23,Put,19500,230.3,232.8,230.3,231.95,4750,1936750,240
241,2023-07-07 13:16:00,NIFTY,NFO,Options,27-JUL-23,Put,19500,231.2,231.2,225.7,225.7,7950,1936750,241
242,2023-07-07 13:17:00,NIFTY,NFO,Options,27-JUL-23,Put,19500,226.4,228,226.35,227.5,5150,1932850,242
243,2023-07-07 13:18:00,NIFTY,NFO,Options,27-JUL-23,Put,19500,226.8,226.8,225.15,225.35,16100,1932850,243
244,2023-07-07 13:19:00,NIFTY,NFO,Options,27-JUL-23,Put,19500,225.95,226.3,224.8,225.4,2000,1932850,244
245,2023-07-07 13:20:00,NIFTY,NFO,Options,27-JUL-23,Put,19500,226,226.2,224.05,225,3400,1932450,245
246,2023-07-07 13:21:00,NIFTY,NFO,Options,27-JUL-23,Put,19500,224.25,224.25,222.6,223.85,6850,1932450,246
247,2023-07-07 13:22:00,NIFTY,NFO,Options,27-JUL-23,Put,19500,223.6,226.2,223.6,226.2,30850,1932450,247
248,2023-07-07 13:23:00,NIFTY,NFO,Options,27-JUL-23,Put,19500,226.3,227.75,224.25,224.25,4050,1931400,248
249,2023-07-07 13:24:00,NIFTY,NFO,Options,27-JUL-23,Put,19500,224.75,224.75,222.05,222.05,2650,1931400,249
250,2023-07-07 13:25:00,NIFTY,NFO,Options,27-JUL-23,Put,19500,221.65,222.85,221,221.45,11600,1931400,250
251,2023-07-07 13:26:00,NIFTY,NFO,Options,27-JUL-23,Put,19500,221,221,216.45,217.65,12200,1928800,251
252,2023-07-07 13:27:00,NIFTY,NFO,Options,27-JUL-23,Put,19500,217.05,218.15,215,215.3,6500,1928800,252
253,2023-07-07 13:28:00,NIFTY,NFO,Options,27-JUL-23,Put,19500,215.15,216.1,214,214.5,14100,1928800,253
254,2023-07-07 13:29:00,NIFTY,NFO,Options,27-JUL-23,Put,19500,214.4,215.4,213.05,213.05,10350,1926900,254
255,2023-07-07 13:30:00,NIFTY,NFO,Options,27-JUL-23,Put,19500,212.65,213.7,211.9,211.9,16100,1926900,255
256,2023-07-07 13:31:00,NIFTY,NFO,Options,27-JUL-23,Put,19500,212.5,216,211.7,216,4750,1926900,256
257,2023-07-07 13:32:00,NIFTY,NFO,Options,27-JUL-23,Put,19500,216,219,215.2,219,13200,1919150,257
258,2023-07-07 13:33:00,NIFTY,NFO,Options,27-JUL-23,Put,19500,218.95,219.5,217.8,217.8,30800,1919150,258
259,2023-07-07 13:34:00,NIFTY,NFO,Options,27-JUL-23,Put,19500,217,219.2,216,218.15,8300,1919150,259
260,2023-07-07 13:35:00,NIFTY,NFO,Options,27-JUL-23,Put,19500,217.2,222.2,217.2,220.3,11500,1919150,260
261,2023-07-07 13:36:00,NIFTY,NFO,Options,27-JUL-23,Put,19500,220.35,221.95,220,220.2,4350,1925950,261
262,2023-07-07 13:37:00,NIFTY,NFO,Options,27-JUL-23,Put,19500,220.1,222.7,220,222.7,2950,1925950,262
263,2023-07-07 13:38:00,NIFTY,NFO,Options,27-JUL-23,Put,19500,222.7,226.05,222.1,224.85,6250,1927550,263
264,2023-07-07 13:39:00,NIFTY,NFO,Options,27-JUL-23,Put,19500,225.1,226,224.4,225,5550,1927550,264
265,2023-07-07 13:40:00,NIFTY,NFO,Options,27-JUL-23,Put,19500,225.3,227.15,225.3,227.15,4900,1927550,265
266,2023-07-07 13:41:00,NIFTY,NFO,Options,27-JUL-23,Put,19500,226.35,226.35,223.7,224.3,4250,1927550,266
267,2023-07-07 13:42:00,NIFTY,NFO,Options,27-JUL-23,Put,19500,225.2,226.65,223.9,226.65,2600,1922850,267
268,2023-07-07 13:43:00,NIFTY,NFO,Options,27-JUL-23,Put,19500,226.45,228.55,226,226,7300,1922850,268
269,2023-07-07 13:44:00,NIFTY,NFO,Options,27-JUL-23,Put,19500,225.7,226.9,225.35,225.45,1950,1919400,269
270,2023-07-07 13:45:00,NIFTY,NFO,Options,27-JUL-23,Put,19500,225,233.9,223.6,233.75,18650,1919400,270
271,2023-07-07 13:46:00,NIFTY,NFO,Options,27-JUL-23,Put,19500,232.65,234,230.45,230.75,13200,1919400,271
272,2023-07-07 13:47:00,NIFTY,NFO,Options,27-JUL-23,Put,19500,229.65,233.6,229.65,233.5,16500,1909700,272
273,2023-07-07 13:48:00,NIFTY,NFO,Options,27-JUL-23,Put,19500,233,233,226.05,226.4,79650,1909700,273
274,2023-07-07 13:49:00,NIFTY,NFO,Options,27-JUL-23,Put,19500,225.25,228.25,222,222.6,10100,1909700,274
275,2023-07-07 13:50:00,NIFTY,NFO,Options,27-JUL-23,Put,19500,223.8,224.25,219.6,221.85,12000,1909700,275
276,2023-07-07 13:51:00,NIFTY,NFO,Options,27-JUL-23,Put,19500,222.1,222.95,220.65,222.35,12850,1867150,276
277,2023-07-07 13:52:00,NIFTY,NFO,Options,27-JUL-23,Put,19500,222.5,223.35,218.55,220.15,8400,1867150,277
278,2023-07-07 13:53:00,NIFTY,NFO,Options,27-JUL-23,Put,19500,219,219,217,217.8,4250,1867150,278
279,2023-07-07 13:54:00,NIFTY,NFO,Options,27-JUL-23,Put,19500,218.15,218.55,216.6,218.1,2800,1862900,279
280,2023-07-07 13:55:00,NIFTY,NFO,Options,27-JUL-23,Put,19500,217.95,218.8,215.85,218.8,4400,1862900,280
281,2023-07-07 13:56:00,NIFTY,NFO,Options,27-JUL-23,Put,19500,220,221.85,220,221.85,6000,1862900,281
282,2023-07-07 13:57:00,NIFTY,NFO,Options,27-JUL-23,Put,19500,221.5,222.35,220.8,222.35,3150,1859600,282
283,2023-07-07 13:58:00,NIFTY,NFO,Options,27-JUL-23,Put,19500,222.6,222.6,220.45,220.85,4100,1859600,283
284,2023-07-07 13:59:00,NIFTY,NFO,Options,27-JUL-23,Put,19500,220.45,220.9,218.25,219,3650,1859600,284
285,2023-07-07 14:00:00,NIFTY,NFO,Options,27-JUL-23,Put,19500,219.25,221.3,218.8,220.85,2650,1859750,285
286,2023-07-07 14:01:00,NIFTY,NFO,Options,27-JUL-23,Put,19500,220.2,222.6,219.15,222.25,27150,1859750,286
287,2023-07-07 14:02:00,NIFTY,NFO,Options,27-JUL-23,Put,19500,222.1,225,221.65,223.95,27850,1859750,287
288,2023-07-07 14:03:00,NIFTY,NFO,Options,27-JUL-23,Put,19500,224,227.1,222.95,225.65,7850,1883950,288
289,2023-07-07 14:04:00,NIFTY,NFO,Options,27-JUL-23,Put,19500,225.5,226.6,225.15,225.15,2950,1883950,289
290,2023-07-07 14:05:00,NIFTY,NFO,Options,27-JUL-23,Put,19500,224.2,225,222.15,223,4450,1883950,290
291,2023-07-07 14:06:00,NIFTY,NFO,Options,27-JUL-23,Put,19500,223.95,223.95,222,222.4,1500,1884650,291
292,2023-07-07 14:07:00,NIFTY,NFO,Options,27-JUL-23,Put,19500,221.8,222.7,221.2,222.25,1250,1884650,292
293,2023-07-07 14:08:00,NIFTY,NFO,Options,27-JUL-23,Put,19500,221.55,222.85,221.15,221.15,1000,1884650,293
294,2023-07-07 14:09:00,NIFTY,NFO,Options,27-JUL-23,Put,19500,220.4,220.6,219.6,220.1,3200,1886450,294
295,2023-07-07 14:10:00,NIFTY,NFO,Options,27-JUL-23,Put,19500,219,219.6,217.7,217.7,2150,1886450,295
296,2023-07-07 14:11:00,NIFTY,NFO,Options,27-JUL-23,Put,19500,218.85,223.7,218.85,222.8,6600,1886450,296
297,2023-07-07 14:12:00,NIFTY,NFO,Options,27-JUL-23,Put,19500,223,223.35,222.1,223,3550,1881850,297
298,2023-07-07 14:13:00,NIFTY,NFO,Options,27-JUL-23,Put,19500,223.05,223.05,218.75,219.2,1250,1881850,298
299,2023-07-07 14:14:00,NIFTY,NFO,Options,27-JUL-23,Put,19500,218.8,219.5,217.2,219,4350,1881850,299
300,2023-07-07 14:15:00,NIFTY,NFO,Options,27-JUL-23,Put,19500,218.85,219.4,216.2,217,3050,1880400,300
301,2023-07-07 14:16:00,NIFTY,NFO,Options,27-JUL-23,Put,19500,217.05,221.35,216.3,220,5300,1880400,301
302,2023-07-07 14:17:00,NIFTY,NFO,Options,27-JUL-23,Put,19500,219.5,219.5,216.45,218.4,2900,1880400,302
303,2023-07-07 14:18:00,NIFTY,NFO,Options,27-JUL-23,Put,19500,218.65,218.9,217.1,217.15,1700,1882350,303
304,2023-07-07 14:19:00,NIFTY,NFO,Options,27-JUL-23,Put,19500,217,217,213.25,214.05,10600,1882350,304
305,2023-07-07 14:20:00,NIFTY,NFO,Options,27-JUL-23,Put,19500,213.1,213.1,207.15,208.5,68400,1882350,305
306,2023-07-07 14:21:00,NIFTY,NFO,Options,27-JUL-23,Put,19500,208,212.05,207.9,211.95,7200,1869950,306
307,2023-07-07 14:22:00,NIFTY,NFO,Options,27-JUL-23,Put,19500,209.2,211.4,209.2,209.85,5400,1869950,307
308,2023-07-07 14:23:00,NIFTY,NFO,Options,27-JUL-23,Put,19500,209.8,213.55,209.8,212.6,7050,1869950,308
309,2023-07-07 14:24:00,NIFTY,NFO,Options,27-JUL-23,Put,19500,212.85,218.2,212.85,218.1,42450,1873500,309
310,2023-07-07 14:25:00,NIFTY,NFO,Options,27-JUL-23,Put,19500,218,218.55,216.45,217.65,25300,1873500,310
311,2023-07-07 14:26:00,NIFTY,NFO,Options,27-JUL-23,Put,19500,216.4,216.6,212.6,214.85,4100,1873500,311
312,2023-07-07 14:27:00,NIFTY,NFO,Options,27-JUL-23,Put,19500,213.9,215.05,212.75,214.6,5500,1891950,312
313,2023-07-07 14:28:00,NIFTY,NFO,Options,27-JUL-23,Put,19500,213.35,213.7,212.55,213.7,8900,1891950,313
314,2023-07-07 14:29:00,NIFTY,NFO,Options,27-JUL-23,Put,19500,213.6,213.6,211,211,8150,1891950,314
315,2023-07-07 14:30:00,NIFTY,NFO,Options,27-JUL-23,Put,19500,209.65,211.85,208.25,210.45,6250,1893250,315
316,2023-07-07 14:31:00,NIFTY,NFO,Options,27-JUL-23,Put,19500,210.95,210.95,206.3,206.55,7850,1893250,316
317,2023-07-07 14:32:00,NIFTY,NFO,Options,27-JUL-23,Put,19500,206.25,206.25,203.2,203.6,14800,1893250,317
318,2023-07-07 14:33:00,NIFTY,NFO,Options,27-JUL-23,Put,19500,204.1,204.1,201.3,202.7,7300,1897450,318
319,2023-07-07 14:34:00,NIFTY,NFO,Options,27-JUL-23,Put,19500,202.75,204.2,201.6,202.5,14550,1897450,319
320,2023-07-07 14:35:00,NIFTY,NFO,Options,27-JUL-23,Put,19500,202.3,204,202.05,202.15,6900,1897450,320
321,2023-07-07 14:36:00,NIFTY,NFO,Options,27-JUL-23,Put,19500,202.2,207,201.05,207,16400,1901150,321
322,2023-07-07 14:37:00,NIFTY,NFO,Options,27-JUL-23,Put,19500,206.4,208.4,205.05,206.8,17850,1901150,322
323,2023-07-07 14:38:00,NIFTY,NFO,Options,27-JUL-23,Put,19500,206,206,196.9,197.05,19850,1901150,323
324,2023-07-07 14:39:00,NIFTY,NFO,Options,27-JUL-23,Put,19500,196.35,197.05,195,196.05,18500,1901250,324
325,2023-07-07 14:40:00,NIFTY,NFO,Options,27-JUL-23,Put,19500,194.65,196,192.4,192.4,12050,1901250,325
326,2023-07-07 14:41:00,NIFTY,NFO,Options,27-JUL-23,Put,19500,191.35,195.8,191.2,193.6,23950,1901250,326
327,2023-07-07 14:42:00,NIFTY,NFO,Options,27-JUL-23,Put,19500,193.85,194.95,191.75,192.75,6550,1899350,327
328,2023-07-07 14:43:00,NIFTY,NFO,Options,27-JUL-23,Put,19500,192.1,195,190.2,190.3,8550,1899350,328
329,2023-07-07 14:44:00,NIFTY,NFO,Options,27-JUL-23,Put,19500,189.8,190.8,189.75,190.8,14300,1899350,329
330,2023-07-07 14:45:00,NIFTY,NFO,Options,27-JUL-23,Put,19500,190.85,194.35,190,193.75,15750,1900150,330
331,2023-07-07 14:46:00,NIFTY,NFO,Options,27-JUL-23,Put,19500,193.05,197,192.05,196.35,12100,1900150,331
332,2023-07-07 14:47:00,NIFTY,NFO,Options,27-JUL-23,Put,19500,195.7,196.2,192.3,192.3,8500,1900150,332
333,2023-07-07 14:48:00,NIFTY,NFO,Options,27-JUL-23,Put,19500,192.05,196.75,192.05,196.65,15000,1898850,333
334,2023-07-07 14:49:00,NIFTY,NFO,Options,27-JUL-23,Put,19500,196.2,197.3,195.75,197.3,4850,1898850,334
335,2023-07-07 14:50:00,NIFTY,NFO,Options,27-JUL-23,Put,19500,197.65,204.55,197.65,204.55,11500,1898850,335
336,2023-07-07 14:51:00,NIFTY,NFO,Options,27-JUL-23,Put,19500,203.4,204.9,202,203.6,24000,1891650,336
337,2023-07-07 14:52:00,NIFTY,NFO,Options,27-JUL-23,Put,19500,202,206,202,205.35,22150,1891650,337
338,2023-07-07 14:53:00,NIFTY,NFO,Options,27-JUL-23,Put,19500,206.25,206.25,201.5,203,6100,1891650,338
339,2023-07-07 14:54:00,NIFTY,NFO,Options,27-JUL-23,Put,19500,203.4,210.6,203.25,207,11050,1879500,339
340,2023-07-07 14:55:00,NIFTY,NFO,Options,27-JUL-23,Put,19500,206.1,206.1,198.9,201.2,15400,1879500,340
341,2023-07-07 14:56:00,NIFTY,NFO,Options,27-JUL-23,Put,19500,201.4,203.95,200.5,202.65,8250,1879500,341
342,2023-07-07 14:57:00,NIFTY,NFO,Options,27-JUL-23,Put,19500,202.05,206,201.4,204,5000,1875100,342
343,2023-07-07 14:58:00,NIFTY,NFO,Options,27-JUL-23,Put,19500,202,205.55,201.95,203,6600,1875100,343
344,2023-07-07 14:59:00,NIFTY,NFO,Options,27-JUL-23,Put,19500,202.35,205,202.35,204.4,5850,1875100,344
345,2023-07-07 15:00:00,NIFTY,NFO,Options,27-JUL-23,Put,19500,202.5,219.05,202.25,219.05,30900,1877150,345
346,2023-07-07 15:01:00,NIFTY,NFO,Options,27-JUL-23,Put,19500,218.9,233.65,218.9,227.7,56400,1877150,346
347,2023-07-07 15:02:00,NIFTY,NFO,Options,27-JUL-23,Put,19500,229.2,232.05,225.65,225.7,23950,1877150,347
348,2023-07-07 15:03:00,NIFTY,NFO,Options,27-JUL-23,Put,19500,226,227,220.35,226.4,14850,1864650,348
349,2023-07-07 15:04:00,NIFTY,NFO,Options,27-JUL-23,Put,19500,224.2,225.05,220,223.8,13550,1864650,349
350,2023-07-07 15:05:00,NIFTY,NFO,Options,27-JUL-23,Put,19500,223.2,230.95,222.6,230.75,18500,1864650,350
351,2023-07-07 15:06:00,NIFTY,NFO,Options,27-JUL-23,Put,19500,230.25,236.5,229.1,236.5,32450,1858650,351
352,2023-07-07 15:07:00,NIFTY,NFO,Options,27-JUL-23,Put,19500,237,237,228.25,228.25,24100,1858650,352
353,2023-07-07 15:08:00,NIFTY,NFO,Options,27-JUL-23,Put,19500,228.35,233.4,228.3,233.4,10750,1858650,353
354,2023-07-07 15:09:00,NIFTY,NFO,Options,27-JUL-23,Put,19500,232.6,233.3,230,230.7,11800,1844000,354
355,2023-07-07 15:10:00,NIFTY,NFO,Options,27-JUL-23,Put,19500,230.9,235.85,230.9,234.5,15850,1844000,355
356,2023-07-07 15:11:00,NIFTY,NFO,Options,27-JUL-23,Put,19500,234.5,236.65,231.7,231.7,25200,1844000,356
357,2023-07-07 15:12:00,NIFTY,NFO,Options,27-JUL-23,Put,19500,230.55,236.95,230.55,236.7,17950,1824250,357
358,2023-07-07 15:13:00,NIFTY,NFO,Options,27-JUL-23,Put,19500,237.45,238.75,234.45,238.75,21550,1824250,358
359,2023-07-07 15:14:00,NIFTY,NFO,Options,27-JUL-23,Put,19500,238.05,238.8,235.05,236.45,16000,1824250,359
360,2023-07-07 15:15:00,NIFTY,NFO,Options,27-JUL-23,Put,19500,236.15,237,233.45,236.4,13250,1808300,360
361,2023-07-07 15:16:00,NIFTY,NFO,Options,27-JUL-23,Put,19500,236.1,238.8,234.9,238.8,13600,1808300,361
362,2023-07-07 15:17:00,NIFTY,NFO,Options,27-JUL-23,Put,19500,238.95,242.8,238.8,239.4,35550,1808300,362
363,2023-07-07 15:18:00,NIFTY,NFO,Options,27-JUL-23,Put,19500,238.8,243,238.8,242.5,18600,1789200,363
364,2023-07-07 15:19:00,NIFTY,NFO,Options,27-JUL-23,Put,19500,242.25,243.5,241.25,243,16800,1789200,364
365,2023-07-07 15:20:00,NIFTY,NFO,Options,27-JUL-23,Put,19500,244,244.65,242,242.6,27650,1789200,365
366,2023-07-07 15:21:00,NIFTY,NFO,Options,27-JUL-23,Put,19500,242.3,242.8,238.25,239.3,12650,1763150,366
367,2023-07-07 15:22:00,NIFTY,NFO,Options,27-JUL-23,Put,19500,240.05,240.05,237.9,238.3,30150,1763150,367
368,2023-07-07 15:23:00,NIFTY,NFO,Options,27-JUL-23,Put,19500,237.05,238.2,236.15,236.45,23950,1763150,368
369,2023-07-07 15:24:00,NIFTY,NFO,Options,27-JUL-23,Put,19500,236.6,238,235.85,236.65,35050,1766650,369
370,2023-07-07 15:25:00,NIFTY,NFO,Options,27-JUL-23,Put,19500,235.1,235.35,233,233.7,57800,1766650,370
371,2023-07-07 15:26:00,NIFTY,NFO,Options,27-JUL-23,Put,19500,233.05,234.2,232.85,234,7300,1766650,371
372,2023-07-07 15:27:00,NIFTY,NFO,Options,27-JUL-23,Put,19500,234,237.1,233.25,236.8,37300,1756150,372
373,2023-07-07 15:28:00,NIFTY,NFO,Options,27-JUL-23,Put,19500,236.05,237.9,236.05,237.15,12750,1756150,373
374,2023-07-07 15:29:00,NIFTY,NFO,Options,27-JUL-23,Put,19500,238,238,234.4,234.6,22600,1756150,374
